"","X","ta","time","alive","tmax","data","mort","tmax_group","sensor"
"1",1,18.5,1380,99.8327667485139,35.008021649889,"2017-06-06",0.167233251486053,"35",6
"2",2,19.5,1380,99.9203255666394,32.9850436946256,"2017-06-10",0.0796744333606227,"non-extreme",6
"3",3,19.5,1380,99.6476485770128,36.0959523169497,"2017-06-11",0.352351422987226,"35",6
"4",4,20.5,1380,99.9333940060356,32.0007175873637,"2017-06-12",0.0666059939643731,"non-extreme",6
"5",5,20.5,1380,99.5866925993938,35.94832285578,"2017-06-13",0.413307400606229,"35",6
"6",6,24,1380,99.3747689153615,36.9576064869002,"2017-06-15",0.625231084638472,"35",6
"7",7,26,1380,98.6692483056502,38.0400776824269,"2017-06-16",1.3307516943498,"35",6
"8",8,19.5,1380,97.683800193277,39.1501560980346,"2017-06-18",2.31619980672305,"35",6
"9",9,22,1380,99.276628553904,36.4277289518262,"2017-06-24",0.723371446095953,"35",6
"10",10,22,1380,99.9788182496295,28.1053567660785,"2017-06-25",0.0211817503705021,"non-extreme",6
"11",11,19.5,1380,99.9572012893222,30.9999389220678,"2017-07-08",0.0427987106777721,"non-extreme",6
"12",12,21,1380,99.6542215106803,35.5553543818467,"2017-07-10",0.345778489319741,"35",6
"13",13,22.5,1380,99.5678872046561,35.5156801797376,"2017-07-13",0.432112795343883,"35",6
"14",14,25.5,1380,99.8081601039891,32.641791656664,"2017-07-15",0.191839896010862,"non-extreme",6
"15",15,22,1380,99.8000501970697,33.5555719311342,"2017-07-22",0.199949802930277,"non-extreme",6
"16",16,19,1380,99.4633456351891,35.513703879292,"2017-07-23",0.536654364810857,"35",6
"17",17,21.5,1380,99.9717369780058,29.5112483772091,"2017-07-25",0.0282630219941638,"non-extreme",6
"18",18,21.5,1380,99.497040209154,35.3301550745964,"2017-07-28",0.50295979084602,"35",6
"19",19,23,1380,99.6288564108588,35.0469843522895,"2017-07-29",0.371143589141241,"35",6
"20",20,22,1380,99.6871654326947,35.1538192377732,"2017-08-01",0.312834567305345,"35",6
"21",21,22.5,1380,99.2527503483432,37.0308104177171,"2017-08-02",0.747249651656801,"35",6
"22",22,22.5,1380,98.8040843975929,36.9673535444648,"2017-08-03",1.19591560240706,"35",6
"23",23,23.5,1380,85.1580423308756,41.0849893571568,"2017-08-04",14.8419576691244,"40",6
"24",24,24.5,1380,89.8815905823961,40.5897403692883,"2017-08-05",10.1184094176039,"40",6
"25",25,24,1380,98.8951225797027,37.4801385795305,"2017-08-06",1.10487742029733,"35",6
"26",26,18,1380,99.3828555533328,36.0839612616629,"2017-08-10",0.617144446667183,"35",6
"27",27,18.5,1380,99.2215584822349,36.8460018066612,"2017-08-12",0.778441517765145,"35",6
"28",28,19.5,1380,99.5626356352294,35.6732000348897,"2017-08-13",0.437364364770588,"35",6
"29",29,21.5,1380,99.776901006119,33.8976145185451,"2017-08-15",0.223098993881024,"non-extreme",6
"30",30,21,1380,95.6802856949092,39.0191265342471,"2017-08-17",4.31971430509077,"35",6
"31",31,23.5,1380,98.7370535330154,36.3205688197084,"2017-08-18",1.26294646698459,"35",6
"32",32,22.5,1380,99.7343706954343,34.5021329920143,"2017-08-19",0.265629304565735,"non-extreme",6
"33",33,21,1380,99.561775254219,34.3179809168393,"2017-08-20",0.438224745781028,"non-extreme",6
"34",34,17,1380,97.177581301122,38.1099414008948,"2017-08-21",2.82241869887804,"35",6
"35",35,20.5,1380,98.6814126108214,36.7493098436897,"2017-08-22",1.31858738917857,"35",6
"36",36,21.5,1380,98.6498730339446,37.8983159569395,"2017-08-23",1.35012696605536,"35",6
"37",37,21,1380,99.2641124797713,35.4767787846747,"2017-08-24",0.735887520228701,"35",6
"38",38,23,1380,98.904108301635,36.1289541837047,"2017-08-25",1.09589169836504,"35",6
"39",39,22.5,1380,99.4220153193569,35.3222448694417,"2017-08-26",0.577984680643098,"35",6
"40",40,23,1380,98.3526270385314,37.0688318741152,"2017-08-29",1.64737296146861,"35",6
"41",41,22,1380,87.1459558613796,42.7352485864253,"2017-08-30",12.8540441386204,"40",6
"42",42,21,1380,99.9857865500986,28.0583072950076,"2017-06-12",0.014213449901419,"non-extreme",7
"43",43,22,1380,99.97491760696,28.0073882300023,"2017-06-20",0.025082393040023,"non-extreme",7
"44",44,22,1380,99.9806748093387,28.2171255726662,"2017-06-21",0.0193251906612915,"non-extreme",7
"45",45,22.5,1380,99.9883925940179,27.0318019226013,"2017-06-25",0.0116074059820619,"non-extreme",7
"46",46,21,1380,99.9803210581009,28.5501912140984,"2017-06-26",0.0196789418990875,"non-extreme",7
"47",47,21,1380,99.9767843635509,28.0073136489563,"2017-06-27",0.0232156364491374,"non-extreme",7
"48",48,19.5,1380,99.9795933299214,28.5415575653655,"2017-07-03",0.0204066700786001,"non-extreme",7
"49",49,20,1380,99.9924695989592,26.0361602170404,"2017-07-08",0.00753040104082459,"non-extreme",7
"50",50,22,1380,99.9103942432963,31.3042231106039,"2017-07-14",0.089605756703719,"non-extreme",7
"51",51,21,1380,99.9602124297523,30.0265194303105,"2017-07-17",0.0397875702476966,"non-extreme",7
"52",52,20.5,1380,99.977896558932,28.1285359546426,"2017-07-20",0.0221034410679835,"non-extreme",7
"53",53,19,1380,99.9542348552994,30.043318982033,"2017-07-23",0.0457651447005532,"non-extreme",7
"54",54,21.5,1380,99.9475758269822,30.55655123216,"2017-07-28",0.052424173017755,"non-extreme",7
"55",55,23.5,1380,98.3064342547786,37.8641565726228,"2017-08-04",1.69356574522139,"35",7
"56",56,25.5,1380,98.6547236803346,37.0564307674376,"2017-08-05",1.34527631966537,"35",7
"57",57,24.5,1380,99.552414265418,35.3905433628353,"2017-08-06",0.447585734581992,"35",7
"58",58,25.5,1380,99.80286948019,32.2343780386222,"2017-08-07",0.197130519810031,"non-extreme",7
"59",59,17,1380,99.9577257492262,31.3533020462676,"2017-08-10",0.0422742507738008,"non-extreme",7
"60",60,21,1380,99.2692921486467,37.5542873222549,"2017-08-14",0.73070785135333,"35",7
"61",61,21.5,1380,99.3452281051649,36.5030921723629,"2017-08-17",0.654771894835136,"35",7
"62",62,17,1380,99.7456767959086,34.5299501948806,"2017-08-21",0.254323204091378,"non-extreme",7
"63",63,21,1380,99.5481053492175,36.0301578589824,"2017-08-22",0.451894650782506,"35",7
"64",64,22,1380,99.7346216831148,35.4995024102331,"2017-08-24",0.265378316885204,"35",7
"65",65,22.5,1380,99.2206655882703,36.4416889874838,"2017-08-25",0.779334411729664,"35",7
"66",66,22.5,1380,97.1070861444096,39.4685897321342,"2017-08-30",2.89291385559036,"35",7
"67",67,18.5,1380,99.9934557173739,26.6162225820042,"2017-06-02",0.00654428262608064,"non-extreme",5
"68",68,15,1380,99.9944736756334,27.517169919219,"2017-06-04",0.00552632436664169,"non-extreme",5
"69",69,22,1380,99.876193438585,32.6328173369116,"2017-06-15",0.123806561414995,"non-extreme",5
"70",70,25,1380,97.13048672891,38.8608434132216,"2017-06-16",2.86951327109003,"35",5
"71",71,19.5,1380,88.3174595927544,41.1959098523214,"2017-06-17",11.6825404072456,"40",5
"72",72,19.5,1380,99.4261854028938,35.5192457393891,"2017-06-18",0.573814597106193,"35",5
"73",73,21,1380,99.7174328306829,34.216442206552,"2017-06-20",0.282567169317119,"non-extreme",5
"74",74,21.5,1380,99.1929730376637,36.1028235426335,"2017-06-24",0.807026962336323,"35",5
"75",75,18.5,1380,99.1853016567797,38.0298020074037,"2017-07-03",0.814698343220286,"35",5
"76",76,21.5,1380,99.8479041418101,32.8056434907485,"2017-07-12",0.152095858189938,"non-extreme",5
"77",77,22.5,1380,99.5463329592474,35.9408696693013,"2017-07-13",0.453667040752578,"35",5
"78",78,20.5,1380,98.8303851773018,37.8550379548905,"2017-07-14",1.16961482269821,"35",5
"79",79,24.5,1380,96.8260830614652,38.6850864332482,"2017-07-15",3.17391693853484,"35",5
"80",80,18.5,1380,98.7694886096397,37.0946894234165,"2017-07-16",1.23051139036033,"35",5
"81",81,18.5,1380,99.5788121378917,35.1820613757986,"2017-07-23",0.421187862108297,"35",5
"82",82,21.5,1380,99.3588221199165,37.1679252892489,"2017-07-26",0.641177880083518,"35",5
"83",83,21,1380,99.7562443856322,33.560217955598,"2017-07-27",0.243755614367828,"non-extreme",5
"84",84,21.5,1380,99.7022824421712,35.0901915397814,"2017-07-30",0.297717557828776,"35",5
"85",85,21.5,1380,99.5012843788921,36.8613087539602,"2017-08-01",0.498715621107905,"35",5
"86",86,22,1380,99.016174019526,36.6850684535635,"2017-08-03",0.983825980473981,"35",5
"87",87,23,1380,87.0492617423337,41.488701908217,"2017-08-04",12.9507382576663,"40",5
"88",88,24,1380,91.5526638568991,40.5135020124549,"2017-08-05",8.44733614310094,"40",5
"89",89,24,1380,95.0517852206053,40.336460500035,"2017-08-06",4.94821477939475,"40",5
"90",90,25.5,1380,99.6405265397452,34.0571971697574,"2017-08-07",0.359473460254762,"non-extreme",5
"91",91,17.5,1380,99.5547114158442,35.6520225484659,"2017-08-12",0.445288584155762,"35",5
"92",92,21,1380,99.5819105553178,35.2631652270835,"2017-08-14",0.418089444682209,"35",5
"93",93,20.5,1380,98.0369771868947,38.057860707242,"2017-08-17",1.96302281310527,"35",5
"94",94,23,1380,99.5478676336623,35.2943696168999,"2017-08-18",0.452132366337707,"35",5
"95",95,20,1380,98.8829734799769,37.1952024324666,"2017-08-20",1.11702652002315,"35",5
"96",96,15.5,1380,98.9917028003916,37.5765749748933,"2017-08-21",1.00829719960835,"35",5
"97",97,20,1380,99.398858470024,35.6261589638504,"2017-08-22",0.60114152997599,"35",5
"98",98,22,1380,99.057822923529,36.0373065308817,"2017-08-25",0.942177076471026,"35",5
"99",99,22,1380,96.9332449756814,39.121720140234,"2017-08-30",3.06675502431862,"35",5
"100",100,14,1380,99.9984040374377,24.5060466242597,"2017-08-31",0.00159596256231964,"non-extreme",5
"101",101,12.5,1380,99.9992660840896,24.5125466663932,"2014-06-03",0.00073391591038785,"non-extreme",1
"102",102,13,1380,99.999527350661,23.1238499733666,"2014-06-04",0.000472649339002373,"non-extreme",1
"103",103,14,1380,99.9951331525012,27.1054759702903,"2014-06-06",0.00486684749878918,"non-extreme",1
"104",104,15,1380,99.9317227635336,33.5009909461563,"2014-06-12",0.0682772364663862,"non-extreme",1
"105",105,16,1380,99.9937814077297,28.0813755976497,"2014-06-14",0.00621859227030086,"non-extreme",1
"106",106,15,1380,99.9995983518603,21.0942809345754,"2014-06-16",0.000401648139714439,"non-extreme",1
"107",107,16.5,1380,99.9579380736199,31.5173066971902,"2014-06-21",0.0420619263801427,"non-extreme",1
"108",108,16,1380,99.9960843606541,26.5006527534378,"2014-06-23",0.00391563934594785,"non-extreme",1
"109",109,13,1380,99.9996846828711,22.0083257296332,"2014-06-26",0.00031531712888011,"non-extreme",1
"110",110,17.5,1380,99.9927877973839,28.3098661620729,"2014-06-27",0.00721220261611677,"non-extreme",1
"111",111,14,1380,99.999610624248,20.5629697903108,"2014-07-02",0.000389375751950638,"non-extreme",1
"112",112,17,1380,99.9914041404868,28.0335838706491,"2014-07-05",0.00859585951320696,"non-extreme",1
"113",113,14,1380,99.9992999694445,23.0126825250269,"2014-07-12",0.000700030555535136,"non-extreme",1
"114",114,16.5,1380,99.9992183307435,23.0064596628952,"2014-07-13",0.000781669256525674,"non-extreme",1
"115",115,17,1380,99.9991123085306,23.4385173842926,"2014-07-14",0.000887691469444007,"non-extreme",1
"116",116,15.5,1380,99.9987215572804,23.5051243668081,"2014-07-21",0.00127844271963795,"non-extreme",1
"117",117,17.5,1380,99.986398145167,29.1074042172101,"2014-07-24",0.0136018548330412,"non-extreme",1
"118",118,18.5,1380,99.9982926871444,24.1941253566515,"2014-07-26",0.00170731285558645,"non-extreme",1
"119",119,18.5,1380,99.9985001592595,23.5039374473161,"2014-08-06",0.00149984074047893,"non-extreme",1
"120",120,21,1380,99.9901693683104,27.076157813531,"2014-08-10",0.00983063168960996,"non-extreme",1
"121",121,16,1380,99.9997464597201,20.5005681180712,"2014-08-20",0.000253540279899767,"non-extreme",1
"122",122,17.5,1380,99.996739329634,25.5013166695577,"2014-08-26",0.00326067036598943,"non-extreme",1
"123",123,13.5,1380,99.9992669691893,23.6959337868583,"2015-06-01",0.000733030810650348,"non-extreme",1
"124",124,15.5,1380,99.9795212254735,29.5002744084125,"2015-06-07",0.0204787745264952,"non-extreme",1
"125",125,14,1380,99.9997594890569,21.2729700509438,"2015-06-09",0.000240510943086747,"non-extreme",1
"126",126,13.5,1380,99.9992857757984,22.78432043306,"2015-06-14",0.000714224201558977,"non-extreme",1
"127",127,16,1380,99.9980437942084,24.5007122572786,"2015-06-19",0.0019562057916005,"non-extreme",1
"128",128,16,1380,99.9889081772882,27.7373107474319,"2015-06-22",0.0110918227117907,"non-extreme",1
"129",129,14.5,1380,99.9995220479038,21.5733705300274,"2015-06-24",0.000477952096233025,"non-extreme",1
"130",130,15,1380,99.998620536948,23.0976122137309,"2015-06-25",0.00137946305203229,"non-extreme",1
"131",131,18.5,1380,99.9821290508292,28.5582845929488,"2015-06-29",0.0178709491707991,"non-extreme",1
"132",132,18,1380,99.9798653254176,28.7085160710765,"2015-07-01",0.0201346745824225,"non-extreme",1
"133",133,20,1380,99.74431331235,33.2305641592977,"2015-07-05",0.255686687649998,"non-extreme",1
"134",134,20,1380,99.9887527220598,27.2308822398989,"2015-07-08",0.0112472779402424,"non-extreme",1
"135",135,20,1380,99.9317714780395,30.7017603857767,"2015-07-12",0.0682285219604779,"non-extreme",1
"136",136,20.5,1380,99.6274569153887,34.6796301400932,"2015-07-15",0.372543084611337,"non-extreme",1
"137",137,21,1380,99.4058931158717,35.5338666324159,"2015-07-18",0.594106884128337,"35",1
"138",138,20.5,1380,99.9630683668099,30.5050395266272,"2015-07-20",0.0369316331900933,"non-extreme",1
"139",139,18,1380,99.9675462316726,31.0004892630646,"2015-07-22",0.032453768327386,"non-extreme",1
"140",140,20.5,1380,99.9189844373879,31.0411463833461,"2015-08-06",0.0810155626121087,"non-extreme",1
"141",141,22,1380,99.9732405675467,29.0025060002831,"2015-08-12",0.0267594324532894,"non-extreme",1
"142",142,15.5,1380,99.9990484161473,23.4495476094741,"2015-08-14",0.00095158385272498,"non-extreme",1
"143",143,17.5,1380,99.9980371821767,24.0034594168574,"2015-08-20",0.00196281782332619,"non-extreme",1
"144",144,17.5,1380,99.9962065071558,26.3600146431831,"2015-08-22",0.00379349284416719,"non-extreme",1
"145",145,16,1380,99.9913898451059,27.2117763447597,"2015-08-29",0.00861015489410022,"non-extreme",1
"146",146,16.5,1380,99.9906634726894,27.0964210777213,"2015-08-30",0.00933652731056611,"non-extreme",1
"147",147,12.5,1380,99.9999603116253,17.015449708168,"2016-06-01",3.96883746986987e-05,"non-extreme",1
"148",148,14.5,1380,99.9988361031396,24.0009368699749,"2016-06-10",0.00116389686044727,"non-extreme",1
"149",149,16,1380,99.9974953499052,25.5951836104821,"2016-06-30",0.00250465009483491,"non-extreme",1
"150",150,20.5,1380,99.9841260830448,29.0108852056908,"2016-07-07",0.0158739169552149,"non-extreme",1
"151",151,20,1380,99.9781874087292,28.6542924995714,"2016-07-10",0.0218125912707734,"non-extreme",1
"152",152,18,1380,99.9905108544871,27.5847017680782,"2016-07-23",0.00948914551287316,"non-extreme",1
"153",153,21.5,1380,99.232283902951,35.5020832559389,"2016-07-30",0.767716097049004,"35",1
"154",154,16.5,1380,99.9522567836215,31.500005969892,"2016-07-31",0.0477432163785352,"non-extreme",1
"155",155,20,1380,99.9150757554651,31.0019441676937,"2016-08-03",0.0849242445349176,"non-extreme",1
"156",156,14.5,1380,99.9989998106548,23.3379444634752,"2016-08-11",0.00100018934523405,"non-extreme",1
"157",157,14.5,1380,99.9950583097889,26.0123750462997,"2016-08-12",0.00494169021114033,"non-extreme",1
"158",158,17,1380,99.9829441056806,28.5080160528099,"2016-08-14",0.0170558943194266,"non-extreme",1
"159",159,18,1380,99.9984354136418,23.5071164626091,"2016-08-20",0.00156458635822787,"non-extreme",1
"160",160,15,1380,99.993890267465,26.5743098989164,"2016-08-22",0.00610973253495217,"non-extreme",1
"161",161,16.5,1380,99.9778290234314,29.0003590558633,"2016-08-26",0.0221709765686029,"non-extreme",1
"162",162,17,1380,99.9982261453005,24.0352563249486,"2016-08-31",0.00177385469949343,"non-extreme",1
"163",163,17,1380,99.985702744243,28.0415219610626,"2017-06-09",0.0142972557569578,"non-extreme",1
"164",164,18,1380,99.8149783234184,33.7975847028337,"2017-06-10",0.185021676581556,"non-extreme",1
"165",165,19,1380,99.5424888893462,35.5909774430897,"2017-06-12",0.457511110653812,"35",1
"166",166,20.5,1380,98.932838668746,37.5314821340611,"2017-06-13",1.06716133125398,"35",1
"167",167,19.5,1380,98.969394432974,36.8029143428163,"2017-06-14",1.030605567026,"35",1
"168",168,21,1380,99.749026940161,35.0306114071012,"2017-06-16",0.250973059839041,"35",1
"169",169,20,1380,98.9725305999101,38.5196518234593,"2017-06-17",1.02746940008986,"35",1
"170",170,20,1380,98.3777667055992,39.5072675441918,"2017-06-18",1.62223329440081,"35",1
"171",171,23.5,1380,98.7978987203778,39.0043647632329,"2017-06-19",1.20210127962218,"35",1
"172",172,20.5,1380,99.9533623269017,30.2586640673915,"2017-06-22",0.0466376730983455,"non-extreme",1
"173",173,21.5,1380,99.9651316172231,30.7837534690012,"2017-06-25",0.0348683827768639,"non-extreme",1
"174",174,15,1380,99.9948207181298,28.0029662626854,"2017-06-28",0.00517928187019834,"non-extreme",1
"175",175,14.5,1380,99.9999033856467,18.5240870028543,"2017-07-01",9.66143532679098e-05,"non-extreme",1
"176",176,17.5,1380,98.2650285926796,40.0070210774184,"2017-07-03",1.73497140732042,"40",1
"177",177,18,1380,96.0765105258519,41.5077866462845,"2017-07-04",3.92348947414806,"40",1
"178",178,18.5,1380,98.5454288266083,39.5103977122494,"2017-07-05",1.45457117339171,"35",1
"179",179,18.5,1380,99.9920732728866,27.070708338739,"2017-07-09",0.0079267271133574,"non-extreme",1
"180",180,20.5,1380,99.948974212587,30.5995390701459,"2017-07-11",0.0510257874130104,"non-extreme",1
"181",181,20.5,1380,99.9467401482567,31.2075971542729,"2017-07-12",0.0532598517433485,"non-extreme",1
"182",182,21,1380,99.9827936749965,28.21033667292,"2017-07-13",0.0172063250034569,"non-extreme",1
"183",183,21.5,1380,99.4406929343959,36.3626014741751,"2017-07-15",0.559307065604102,"35",1
"184",184,19,1380,99.5027974502801,36.2209835149711,"2017-07-16",0.497202549719901,"35",1
"185",185,23,1380,99.4703632779622,35.5026578955312,"2017-07-18",0.529636722037765,"35",1
"186",186,19.5,1380,99.7735246648457,36.0412035483342,"2017-07-21",0.226475335154333,"35",1
"187",187,17.5,1380,99.9905443309839,29.5236566040124,"2017-07-26",0.00945566901611983,"non-extreme",1
"188",188,23,1380,99.2396547876804,34.6309451901228,"2017-08-04",0.760345212319606,"non-extreme",1
"189",189,22,1380,99.952326993228,30.5031629721198,"2017-08-06",0.0476730067720439,"non-extreme",1
"190",190,14.5,1380,99.9980237113789,23.0510201465805,"2017-08-08",0.00197628862112254,"non-extreme",1
"191",191,14.5,1380,99.9996504942587,21.5363447828685,"2017-08-09",0.000349505741340295,"non-extreme",1
"192",192,19.5,1380,99.9740411033491,29.9429926854317,"2017-08-15",0.0259588966509483,"non-extreme",1
"193",193,19,1380,99.9510149678697,30.0021169738551,"2017-08-16",0.0489850321303464,"non-extreme",1
"194",194,20.5,1380,99.5525317632106,35.1502834531396,"2017-08-23",0.447468236789405,"35",1
"195",195,21.5,1380,99.3488548382368,35.6461033653274,"2017-08-24",0.651145161763239,"35",1
"196",196,20.5,1380,99.6228379823568,33.5108596547773,"2017-08-25",0.377162017643158,"non-extreme",1
"197",197,22,1380,99.4445299812351,35.8200543342325,"2017-08-28",0.555470018764922,"35",1
"198",198,15,1380,99.9995245071582,21.0660836074217,"2017-08-31",0.000475492841772507,"non-extreme",1
"199",199,24,1380,99.9898648855265,24.6120725982108,"2014-06-04",0.0101351144734991,"non-extreme",4
"200",200,26.5,1380,99.9641556586136,26.5500338962989,"2014-06-12",0.0358443413864222,"non-extreme",4
"201",201,27.5,1380,99.9503809671198,27.6373394451244,"2014-06-13",0.0496190328801873,"non-extreme",4
"202",202,26,1380,99.9552785668535,27.6080766880685,"2014-06-15",0.044721433146492,"non-extreme",4
"203",203,13,1380,99.999801622635,20.027386495871,"2017-06-04",0.000198377364981184,"non-extreme",4
"204",204,13,1380,99.9993153172133,23.6437905283623,"2017-06-07",0.000684682786740609,"non-extreme",4
"205",205,17.5,1380,99.9610463314805,30.6799631403202,"2017-06-10",0.0389536685195253,"non-extreme",4
"206",206,21,1380,99.893644311623,32.166594280467,"2017-06-15",0.106355688377008,"non-extreme",4
"207",207,20.5,1380,99.9803318179083,29.5389368644086,"2017-06-25",0.0196681820916638,"non-extreme",4
"208",208,18.5,1380,99.8815468627913,33.4631904104077,"2017-06-26",0.118453137208746,"non-extreme",4
"209",209,11.5,1380,99.9996716347897,22.5374842005074,"2017-06-30",0.000328365210251036,"non-extreme",4
"210",210,16,1380,99.9836312625636,29.5787988088088,"2017-07-03",0.0163687374363661,"non-extreme",4
"211",211,21,1380,99.9878944186167,27.7017657270486,"2017-07-13",0.0121055813832953,"non-extreme",4
"212",212,17.5,1380,99.7995779475247,33.9999700175843,"2017-07-16",0.200422052475304,"non-extreme",4
"213",213,19.5,1380,99.8923985017285,33.6205876345576,"2017-07-17",0.107601498271478,"non-extreme",4
"214",214,22.5,1380,99.3824014716443,35.55593962709,"2017-07-18",0.617598528355714,"35",4
"215",215,20,1380,99.6636728388945,35.0312301274352,"2017-07-19",0.336327161105501,"35",4
"216",216,18.5,1380,99.9991287750009,22.7273503473164,"2017-07-24",0.000871224999116293,"non-extreme",4
"217",217,19,1380,99.9750673326932,30.0007001209707,"2017-07-27",0.0249326673067571,"non-extreme",4
"218",218,21,1380,99.5721442126323,35.0514024019077,"2017-08-03",0.427855787367733,"35",4
"219",219,22,1380,99.096611951916,36.0407491234341,"2017-08-04",0.903388048084025,"35",4
"220",220,23,1380,99.702664444362,35.0004476931176,"2017-08-07",0.297335555638,"35",4
"221",221,14,1380,99.9998379617158,21.1136450124592,"2017-08-10",0.000162038284202026,"non-extreme",4
"222",222,17,1380,99.9250860031389,32.0001434360473,"2017-08-14",0.0749139968611416,"non-extreme",4
"223",223,20,1380,99.6538724706909,34.8888170764975,"2017-08-18",0.346127529309129,"non-extreme",4
"224",224,19.5,1380,99.5795978175391,35.0083638226832,"2017-08-23",0.420402182460876,"35",4
"225",225,20,1380,97.8401711207246,38.1103390910001,"2017-08-24",2.15982887927537,"35",4
"226",226,19,1380,99.4611028940349,34.1137091283912,"2017-08-25",0.538897105965148,"non-extreme",4
"227",227,21.5,1380,99.3533391162978,35.7573190142603,"2017-08-28",0.646660883702197,"35",4
"228",228,14,1380,99.9997360464625,20.5024090073431,"2017-08-31",0.000263953537483985,"non-extreme",4
"229",229,20.5,1380,99.9290591496822,31.0129130494558,"2018-07-29",0.0709408503178111,"non-extreme",4
"230",230,19.5,1380,99.9666876891154,30.6620885699647,"2018-08-01",0.0333123108846252,"non-extreme",4
"231",231,21,1380,99.9589811990314,30.943156677123,"2018-08-07",0.0410188009686152,"non-extreme",4
"232",232,16,1380,99.9988175284752,23.5879943106458,"2018-08-10",0.00118247152475703,"non-extreme",4
"233",233,16.5,1380,99.9976449962255,24.5345935499384,"2018-08-19",0.00235500377448261,"non-extreme",4
"234",234,17.5,1380,99.9908595198427,27.5667997362736,"2018-08-27",0.00914048015734181,"non-extreme",4
"235",235,12,1380,99.9997560635396,21.1501921496025,"2019-06-06",0.000243936460350369,"non-extreme",4
"236",236,15,1380,99.9996710322833,20.6716026782427,"2019-06-15",0.000328967716683337,"non-extreme",4
"237",237,15,1380,99.9938471452716,26.500648432926,"2019-06-17",0.00615285472841265,"non-extreme",4
"238",238,15.5,1380,99.9869690416358,28.0483712640748,"2019-06-18",0.013030958364169,"non-extreme",4
"239",239,20,1380,99.2805594674203,35.6080055249614,"2019-06-27",0.719440532579725,"35",4
"240",240,21,1380,98.4292466859212,37.169375743,"2019-06-28",1.57075331407877,"35",4
"241",241,19.5,1380,99.8913907974916,32.0031409957443,"2019-07-01",0.108609202508433,"non-extreme",4
"242",242,20,1380,99.9637721884017,29.9475859809806,"2019-07-11",0.0362278115983372,"non-extreme",4
"243",243,21,1380,99.6186090857967,35.0001538518721,"2019-07-23",0.381390914203322,"35",4
"244",244,21.5,1380,99.622912713945,34.9998378098062,"2019-07-24",0.377087286055016,"non-extreme",4
"245",245,19,1380,99.9744747337869,29.0198840627629,"2019-08-02",0.0255252662130943,"non-extreme",4
"246",246,20,1380,99.684071424924,35.0041895394743,"2019-08-05",0.315928575075986,"35",4
"247",247,22.5,1380,98.6630576452601,37.0387323388193,"2019-08-09",1.33694235473992,"35",4
"248",248,17.5,1380,99.9965678073859,26.0007028963771,"2019-08-13",0.00343219261405636,"non-extreme",4
"249",249,21,1380,99.4837317937525,35.5025441213292,"2019-08-18",0.516268206247517,"35",4
"250",250,18.5,1380,99.9597856934363,30.0040290641458,"2019-08-25",0.0402143065636551,"non-extreme",4
"251",251,18.5,1380,99.9171811741291,31.5273484904223,"2019-08-26",0.0828188258709446,"non-extreme",4
"252",252,19,1380,99.9973222533644,26.0019456586153,"2019-08-27",0.00267774663559806,"non-extreme",4
"253",253,13,1380,99.9985949755431,25.5821308486848,"2014-06-04",0.00140502445690061,"non-extreme",3
"254",254,14,1380,99.0532467992955,37.0081518626277,"2014-06-08",0.946753200704492,"35",3
"255",255,14,1380,99.5653162975388,36.5008735831516,"2014-06-09",0.434683702461186,"35",3
"256",256,13.5,1380,97.3630025478995,38.9732276670805,"2014-06-10",2.63699745210049,"35",3
"257",257,15.5,1380,96.5549417663086,39.4037706186823,"2014-06-11",3.44505823369137,"35",3
"258",258,14.5,1380,93.242177014619,40.0644928965699,"2014-06-12",6.75782298538095,"40",3
"259",259,14.5,1380,97.6065218090032,39.5428965455889,"2014-06-13",2.39347819099676,"35",3
"260",260,15.5,1380,92.2253711802091,41.0704136229241,"2014-06-14",7.77462881979095,"40",3
"261",261,14.5,1380,99.7745476721839,35.0490350905103,"2014-06-19",0.225452327816058,"35",3
"262",262,16,1380,95.9171151817278,39.5001094011877,"2014-06-20",4.08288481827222,"35",3
"263",263,16,1380,99.5675580592101,36.2647814905612,"2014-06-23",0.432441940789886,"35",3
"264",264,12,1380,99.9643419551823,33.0115044135343,"2014-06-26",0.0356580448176516,"non-extreme",3
"265",265,16,1380,99.426370703111,35.0144253607097,"2014-06-28",0.573629296888953,"35",3
"266",266,13.5,1380,99.9994402447194,21.575407622122,"2014-07-03",0.000559755280633567,"non-extreme",3
"267",267,18,1380,99.9295159557114,33.1720857542041,"2014-07-04",0.0704840442885768,"non-extreme",3
"268",268,16,1380,99.4916475269011,35.7956925833431,"2014-07-05",0.50835247309891,"35",3
"269",269,18,1380,98.1157227446697,37.6722843835563,"2014-07-06",1.88427725533028,"35",3
"270",270,11.5,1380,99.9934450270861,27.6382983618576,"2014-07-09",0.00655497291393203,"non-extreme",3
"271",271,13.5,1380,99.992143528599,28.7777534552279,"2014-07-12",0.00785647140102697,"non-extreme",3
"272",272,17.5,1380,99.9709127254929,31.5677274954787,"2014-07-15",0.0290872745070914,"non-extreme",3
"273",273,18.5,1380,98.3328805590324,37.6328347505738,"2014-07-17",1.66711944096761,"35",3
"274",274,18.5,1380,97.9809056089471,38.0059728071377,"2014-07-18",2.01909439105286,"35",3
"275",275,17,1380,99.3674838781482,36.0212998563788,"2014-07-22",0.632516121851765,"35",3
"276",276,16.5,1380,98.4401242817852,38.1790222454434,"2014-07-23",1.5598757182148,"35",3
"277",277,17.5,1380,98.1633709924873,39.3411722465145,"2014-07-24",1.83662900751274,"35",3
"278",278,19.5,1380,99.581930100219,35.0156276010501,"2014-07-27",0.418069899781045,"35",3
"279",279,17,1380,99.5988452210247,35.5005351364279,"2014-07-31",0.401154778975311,"35",3
"280",280,21.5,1380,99.5026200945712,36.030226119904,"2014-08-10",0.497379905428801,"35",3
"281",281,18.5,1380,99.8454603787462,33.4435262575903,"2014-08-28",0.154539621253846,"non-extreme",3
"282",282,12.5,1380,99.7987240414744,35.006167221461,"2015-06-04",0.201275958525599,"35",3
"283",283,13,1380,99.2114419136255,37.0469045203724,"2015-06-05",0.788558086374508,"35",3
"284",284,13.5,1380,99.3116370083292,37.0254406347218,"2015-06-06",0.688362991670758,"35",3
"285",285,14,1380,98.2789154740578,38.3894295421024,"2015-06-07",1.72108452594222,"35",3
"286",286,16,1380,98.3273154024577,38.7631638661326,"2015-06-08",1.67268459754227,"35",3
"287",287,14.5,1380,99.9695630741,30.6909387678343,"2015-06-18",0.0304369259000055,"non-extreme",3
"288",288,17.5,1380,99.9606832353744,31.0084839392288,"2015-06-27",0.0393167646256245,"non-extreme",3
"289",289,17.5,1380,99.7748417017059,34.0800417528538,"2015-06-29",0.22515829829409,"non-extreme",3
"290",290,17,1380,99.8563183499781,33.0368588398325,"2015-07-01",0.143681650021918,"non-extreme",3
"291",291,19,1380,99.3733979578894,35.6148398740294,"2015-07-06",0.626602042110619,"35",3
"292",292,21,1380,99.2627055143583,35.6033721720868,"2015-07-07",0.737294485641698,"35",3
"293",293,16.5,1380,99.2367599216778,36.1185801652901,"2015-07-09",0.763240078322198,"35",3
"294",294,19,1380,97.9957027385585,38.5423953249734,"2015-07-10",2.00429726144145,"35",3
"295",295,18,1380,98.8164264882096,37.5576440296875,"2015-07-11",1.18357351179041,"35",3
"296",296,20,1380,98.7620790496529,37.5043404678386,"2015-07-13",1.23792095034709,"35",3
"297",297,19,1380,98.7559663202593,37.1856580970932,"2015-07-14",1.24403367974065,"35",3
"298",298,19,1380,98.6787704330966,36.5292003412313,"2015-07-15",1.32122956690341,"35",3
"299",299,21,1380,97.9032152557735,38.3361596655607,"2015-07-16",2.09678474422648,"35",3
"300",300,19.5,1380,97.2233182721192,38.5005842105973,"2015-07-17",2.77668172788078,"35",3
"301",301,19.5,1380,97.0247004954739,38.760852147161,"2015-07-18",2.97529950452615,"35",3
"302",302,19,1380,99.4313051124418,36.1493664192218,"2015-07-19",0.568694887558209,"35",3
"303",303,20,1380,90.756834121728,41.6555842814298,"2015-07-20",9.24316587827204,"40",3
"304",304,20.5,1380,96.7472237276607,39.0127698287256,"2015-07-21",3.2527762723393,"35",3
"305",305,18.5,1380,97.4367488921599,38.6349878560517,"2015-07-22",2.56325110784013,"35",3
"306",306,16,1380,98.0332897583688,37.9026606265486,"2015-07-24",1.96671024163116,"35",3
"307",307,18,1380,99.9860801998092,30.1718788247769,"2015-07-27",0.0139198001908341,"non-extreme",3
"308",308,18.5,1380,99.8620877465867,33.0263888330523,"2015-07-28",0.137912253413347,"non-extreme",3
"309",309,18,1380,99.9586557826547,30.5455233569882,"2015-08-02",0.0413442173453262,"non-extreme",3
"310",310,22,1380,99.2926953456192,36.5793279466423,"2015-08-03",0.707304654380806,"35",3
"311",311,19,1380,99.0343354279638,37.3601143227992,"2015-08-05",0.965664572036218,"35",3
"312",312,19.5,1380,98.8295860930007,37.7237587550604,"2015-08-06",1.17041390699929,"35",3
"313",313,22.5,1380,99.6204581299237,35.2284324929843,"2015-08-07",0.379541870076324,"35",3
"314",314,21.5,1380,99.8421314126039,33.5025184942445,"2015-08-12",0.157868587396067,"non-extreme",3
"315",315,16,1380,99.9918609429884,29.0499528429942,"2015-08-17",0.00813905701164686,"non-extreme",3
"316",316,14.5,1380,99.9992089275445,24.3161471256577,"2015-08-19",0.000791072455527342,"non-extreme",3
"317",317,17,1380,99.9971426096876,25.0049681260199,"2015-08-22",0.00285739031238563,"non-extreme",3
"318",318,13.5,1380,99.6677101135782,35.8232094631825,"2015-08-24",0.332289886421805,"35",3
"319",319,13.5,1380,99.9998534639488,21.0014813074462,"2016-06-01",0.000146536051175872,"non-extreme",3
"320",320,13,1380,99.99956570466,22.0489807629261,"2016-06-02",0.000434295340028257,"non-extreme",3
"321",321,11,1380,99.9999227595688,19.0864139884986,"2016-06-16",7.72404311817354e-05,"non-extreme",3
"322",322,16.5,1380,99.4971997425982,35.3581348576458,"2016-06-24",0.502800257401773,"35",3
"323",323,14.5,1380,99.2528359468246,37.0030052069034,"2016-06-25",0.74716405317541,"35",3
"324",324,18,1380,99.9929059025531,28.1208189044043,"2016-06-26",0.00709409744688116,"non-extreme",3
"325",325,18,1380,98.5074433278235,37.8924827261021,"2016-06-28",1.49255667217652,"35",3
"326",326,16,1380,99.1409475236651,37.5546096139458,"2016-06-30",0.859052476334924,"35",3
"327",327,19,1380,99.459072752752,36.5260309610452,"2016-07-02",0.54092724724805,"35",3
"328",328,18,1380,96.4245063783331,39.2943260110946,"2016-07-04",3.57549362166691,"35",3
"329",329,18,1380,96.066201349709,40.14215274838,"2016-07-06",3.93379865029097,"40",3
"330",330,20.5,1380,88.0743445301762,42.0721883999345,"2016-07-07",11.9256554698238,"40",3
"331",331,16,1380,94.2954826798985,40.1057625217328,"2016-07-08",5.7045173201015,"40",3
"332",332,18,1380,99.3189132505056,37.0543345002477,"2016-07-09",0.681086749494398,"35",3
"333",333,19.5,1380,86.9551109842083,42.1714641780624,"2016-07-10",13.0448890157917,"40",3
"334",334,20.5,1380,99.0432541008354,37.2014025647712,"2016-07-11",0.956745899164559,"35",3
"335",335,18.5,1380,98.2167334084798,39.0800145769829,"2016-07-12",1.78326659152019,"35",3
"336",336,16.5,1380,99.4362537691993,36.7186142529046,"2016-07-13",0.56374623080066,"35",3
"337",337,15,1380,98.6503892426481,38.4349181147613,"2016-07-15",1.34961075735187,"35",3
"338",338,14,1380,90.9704026536245,41.6673944898817,"2016-07-16",9.02959734637554,"40",3
"339",339,15,1380,94.884424157516,40.5405313913093,"2016-07-17",5.11557584248399,"40",3
"340",340,15,1380,83.8147578395388,43.1838984897075,"2016-07-18",16.1852421604612,"40",3
"341",341,45.0263536749668,577,1.38583822354997,45.1520497624964,"2016-07-19",98.61416177645,"40",3
"342",342,21,1380,90.4563129420998,41.1500562261874,"2016-07-20",9.5436870579002,"40",3
"343",343,19.5,1380,68.8779279209103,43.5908430922319,"2016-07-21",31.1220720790897,"40",3
"344",344,15.5,1380,90.7874723075462,42.5455124469887,"2016-07-22",9.21252769245383,"40",3
"345",345,18,1380,99.8026621992345,35.6208480085888,"2016-07-23",0.197337800765524,"35",3
"346",346,46.4855119062655,553,5.69533573034254,46.9210306672327,"2016-07-24",94.3046642696575,"40",3
"347",347,44.2883208471812,596,0.830875076050788,44.6618789347908,"2016-07-25",99.1691249239492,"40",3
"348",348,45.8788719331714,552,0.406452447941311,45.9489598931866,"2016-07-26",99.5935475520587,"40",3
"349",349,17,1380,7.85725473502834,43.9810610135508,"2016-07-27",92.1427452649717,"40",3
"350",350,19,1380,95.9321509636654,40.5094271574138,"2016-07-28",4.06784903633461,"40",3
"351",351,20,1380,75.0168185407962,42.3524779637735,"2016-07-29",24.9831814592038,"40",3
"352",352,44.8352101470676,576,1.32747227758186,46.245720941104,"2016-07-30",98.6725277224181,"40",3
"353",353,16.5,1380,94.9056943650785,40.1725707725569,"2016-07-31",5.0943056349215,"40",3
"354",354,17,1380,99.4965512715302,36.7755517137758,"2016-08-01",0.503448728469778,"35",3
"355",355,19,1380,99.7102672688146,35.2273298138683,"2016-08-02",0.289732731185396,"35",3
"356",356,19.5,1380,93.779780922776,41.0284803819528,"2016-08-03",6.220219077224,"40",3
"357",357,20.5,1380,83.6950966595172,42.5972019745932,"2016-08-04",16.3049033404828,"40",3
"358",358,19,1380,99.6057436896845,36.1251633811739,"2016-08-05",0.394256310315512,"35",3
"359",359,16,1380,84.221966548849,43.0070616322818,"2016-08-06",15.778033451151,"40",3
"360",360,45.4635906975499,608,2.987387060854,45.5223337528649,"2016-08-07",97.012612939146,"40",3
"361",361,46.3555580913014,568,1.36647828920623,49.0102426795266,"2016-08-08",98.6335217107938,"40",3
"362",362,45.6783180002673,591,1.32435091511531,46.0859897131043,"2016-08-09",98.6756490848847,"40",3
"363",363,14,1380,99.1136965454241,37.514885870911,"2016-08-10",0.886303454575938,"35",3
"364",364,17,1380,91.940342884393,41.8318593841568,"2016-08-14",8.05965711560702,"40",3
"365",365,18,1380,87.4113939449645,43.0002058693672,"2016-08-15",12.5886060550355,"40",3
"366",366,20,1380,99.2670913640824,37.6944341216828,"2016-08-18",0.732908635917596,"35",3
"367",367,18.5,1380,85.932349119022,42.8209992537408,"2016-08-19",14.067650880978,"40",3
"368",368,18.5,1380,98.8112032014449,39.067832083677,"2016-08-20",1.18879679855507,"35",3
"369",369,16.5,1380,93.4312478428574,41.8781508799545,"2016-08-21",6.56875215714255,"40",3
"370",370,14.5,1380,74.8149606056806,43.4686406414909,"2016-08-22",25.1850393943194,"40",3
"371",371,45.9240748213107,617,1.8259090676737,46.0129165531193,"2016-08-23",98.1740909323263,"40",3
"372",372,15,1380,4.41775923969786,44.8616613057002,"2016-08-24",95.5822407603021,"40",3
"373",373,46.1591749519979,620,3.14724287819614,46.1761885937155,"2016-08-25",96.8527571218039,"40",3
"374",374,47.5006345451663,596,10.2265604393256,48.3452266802729,"2016-08-26",89.7734395606744,"40",3
"375",375,45.087766845641,631,0.850703224084843,45.3794513424754,"2016-08-27",99.1492967759152,"40",3
"376",376,21,1380,88.6646586883479,42.9324637428678,"2016-08-28",11.3353413116521,"40",3
"377",377,16.5,1380,98.115798407254,39.1154650879594,"2016-08-31",1.88420159274602,"35",3
"378",378,14,1380,99.9777842492718,30.9274701824218,"2017-06-01",0.0222157507282361,"non-extreme",3
"379",379,13.5,1380,99.9993606070301,22.0408307764071,"2017-06-04",0.000639392969915775,"non-extreme",3
"380",380,14.5,1380,99.9998319336264,19.0018243726411,"2017-06-05",0.000168066373603892,"non-extreme",3
"381",381,16.5,1380,99.9742814392538,30.4998532530393,"2017-06-09",0.0257185607461565,"non-extreme",3
"382",382,17,1380,99.9333125995955,31.9998988489537,"2017-06-10",0.0666874004045468,"non-extreme",3
"383",383,18,1380,99.5608745719753,36.0043358677308,"2017-06-12",0.43912542802471,"35",3
"384",384,18.5,1380,99.037302533425,37.5181040214318,"2017-06-13",0.962697466574966,"35",3
"385",385,18.5,1380,98.7887559041439,37.6099558371867,"2017-06-14",1.21124409585609,"35",3
"386",386,21.5,1380,97.3052785195987,39.5031957374163,"2017-06-15",2.69472148040128,"35",3
"387",387,19.5,1380,97.9675198513871,39.0126024386476,"2017-06-16",2.0324801486129,"35",3
"388",388,18,1380,96.9267386932342,39.614011874646,"2017-06-17",3.07326130676579,"35",3
"389",389,18,1380,94.812229563828,40.0226463990992,"2017-06-18",5.18777043617197,"40",3
"390",390,22,1380,96.6140947507855,40.0002853653299,"2017-06-19",3.38590524921455,"40",3
"391",391,43.0240989146383,668,0.274611299995929,43.9994392748265,"2017-06-20",99.7253887000041,"40",3
"392",392,18.5,1380,62.2504218433714,43.5161125739202,"2017-06-21",37.7495781566286,"40",3
"393",393,44.7524991101027,610,1.11525868399416,45.0161542460759,"2017-06-22",98.8847413160058,"40",3
"394",394,45.9835231133871,627,4.54030298488231,46.4266766514011,"2017-06-23",95.4596970151177,"40",3
"395",395,21,1380,87.2686887572699,41.7702088124303,"2017-06-24",12.7313112427301,"40",3
"396",396,18.5,1380,98.9165705592662,37.6126046696579,"2017-06-26",1.08342944073375,"35",3
"397",397,21,1380,92.6495659661023,41.6863415927807,"2017-06-27",7.35043403389767,"40",3
"398",398,15,1380,98.7001707325025,37.5683112748959,"2017-06-28",1.29982926749751,"35",3
"399",399,12,1380,99.984035028839,29.8691321091709,"2017-06-29",0.0159649711610257,"non-extreme",3
"400",400,16.5,1380,98.0951230146946,39.0092688068774,"2017-07-03",1.90487698530544,"35",3
"401",401,16.5,1380,98.9750376868927,37.3608606840817,"2017-07-04",1.0249623131073,"35",3
"402",402,17,1380,95.6373003072073,40.5001104141746,"2017-07-05",4.36269969279267,"40",3
"403",403,18.5,1380,98.6120567242895,38.2040121940074,"2017-07-06",1.38794327571046,"35",3
"404",404,18,1380,31.8625620350294,43.8865114613339,"2017-07-07",68.1374379649706,"40",3
"405",405,18,1380,99.2336978054542,37.4614250993357,"2017-07-09",0.76630219454583,"35",3
"406",406,18,1380,90.4673752766874,42.0593781799805,"2017-07-10",9.53262472331258,"40",3
"407",407,19.5,1380,94.5147397301912,40.5799147808619,"2017-07-12",5.48526026980879,"40",3
"408",408,21.5,1380,95.7054015630657,39.8281263787865,"2017-07-13",4.29459843693431,"35",3
"409",409,19.5,1380,99.7503287324071,35.5839930751598,"2017-07-14",0.249671267592902,"35",3
"410",410,21,1380,43.4370557968132,43.6128817629931,"2017-07-15",56.5629442031868,"40",3
"411",411,17.5,1380,86.8190483171767,41.6018093431585,"2017-07-16",13.1809516828233,"40",3
"412",412,21,1380,95.7012621964567,39.8690665183168,"2017-07-17",4.29873780354335,"35",3
"413",413,22.5,1380,80.4969982804582,42.5449367847902,"2017-07-18",19.5030017195418,"40",3
"414",414,45.3392944367866,652,0.770153147124711,46.0918443540066,"2017-07-19",99.2298468528753,"40",3
"415",415,21.5,1380,88.0526531755153,41.8961960684294,"2017-07-22",11.9473468244847,"40",3
"416",416,16.5,1380,99.0390046739585,37.02816615112,"2017-07-23",0.960995326041512,"35",3
"417",417,18.5,1380,98.6435820874123,38.6973368019539,"2017-07-25",1.35641791258766,"35",3
"418",418,17,1380,99.9082419170739,33.1928862548452,"2017-07-26",0.0917580829261055,"non-extreme",3
"419",419,19.5,1380,97.1292184699502,39.3525773885743,"2017-07-27",2.87078153004977,"35",3
"420",420,19.5,1380,97.3307773086985,39.1024560242179,"2017-07-28",2.66922269130146,"35",3
"421",421,20.5,1380,98.4344580983946,37.8686567224878,"2017-07-29",1.56554190160543,"35",3
"422",422,19,1380,97.2091336993428,39.499875122945,"2017-07-30",2.79086630065719,"35",3
"423",423,19.5,1380,88.0900597076088,42.171533627157,"2017-07-31",11.9099402923912,"40",3
"424",424,17.5,1380,98.6685005167683,38.0202133817798,"2017-08-01",1.33149948323165,"35",3
"425",425,45.9524341942849,595,0.0751497763475228,46.0007251100219,"2017-08-02",99.9248502236525,"40",3
"426",426,38.5412356488664,720,0.0616263968560138,43.6107348101812,"2017-08-03",99.938373603144,"40",3
"427",427,46.8727863754543,557,1.52666982582283,49.0105933215158,"2017-08-04",98.4733301741772,"40",3
"428",428,47.0114916647631,545,3.60479493316683,50.6131086791933,"2017-08-05",96.3952050668332,"40",3
"429",429,38.1823291538739,695,0.0134580503792241,44.829802609572,"2017-08-06",99.9865419496208,"40",3
"430",430,45.6261508522954,567,1.92759486824527,46.2517508970351,"2017-08-07",98.0724051317547,"40",3
"431",431,15,1380,99.1794648446403,38.0587872627644,"2017-08-09",0.820535155359664,"35",3
"432",432,16.5,1380,92.3011723660438,41.2036257727808,"2017-08-12",7.69882763395617,"40",3
"433",433,18,1380,44.5150810077009,43.5094921253245,"2017-08-13",55.4849189922991,"40",3
"434",434,45.4829403858092,595,0.0103317313522965,45.5019286671281,"2017-08-14",99.9896682686477,"40",3
"435",435,45.5106371937464,601,2.92154757735517,45.7023322617681,"2017-08-15",97.0784524226448,"40",3
"436",436,18.5,1380,99.2342837173771,37.6177481164295,"2017-08-16",0.765716282622904,"35",3
"437",437,46.0860543974811,588,2.72410191109397,46.5591732671261,"2017-08-17",97.275898088906,"40",3
"438",438,46.5175296926927,586,5.93414027379633,47.9850671667292,"2017-08-18",94.0658597262037,"40",3
"439",439,17,1380,94.4317276802636,41.60694075013,"2017-08-20",5.56827231973642,"40",3
"440",440,45.491262668164,600,1.98819255774165,45.5614424453368,"2017-08-21",98.0118074422583,"40",3
"441",441,46.5589263888655,562,3.89760648675415,47.6262901015118,"2017-08-22",96.1023935132459,"40",3
"442",442,19.5,1380,3.97694257182339,44.1238407832119,"2017-08-23",96.0230574281766,"40",3
"443",443,42.7376767010999,670,0.192340004383928,44.6769239161365,"2017-08-24",99.8076599956161,"40",3
"444",444,19,1380,96.8447790920097,38.5347261867303,"2017-08-25",3.15522090799034,"35",3
"445",445,40.7336792618335,691,0.0232329750420126,44.2348460159777,"2017-08-26",99.976767024958,"40",3
"446",446,23,1380,82.0740068655747,43.3362649344568,"2017-08-27",17.9259931344253,"40",3
"447",447,43.4680213217797,663,0.14009703516688,43.5435930118565,"2017-08-28",99.8599029648331,"40",3
"448",448,46.5145483442469,588,0.819196620889963,47.0266528785105,"2017-08-29",99.18080337911,"40",3
"449",449,19.5,1380,99.0751338705814,37.3406861752572,"2017-08-30",0.924866129418646,"35",3
"450",450,17.5,1380,97.0436609704008,39.0012783805732,"2018-07-19",2.95633902959916,"35",3
"451",451,20,1380,97.5975689383001,38.5068140760955,"2018-07-20",2.40243106169989,"35",3
"452",452,18.5,1380,99.5607358179759,36.3605829729747,"2018-07-21",0.439264182024132,"35",3
"453",453,18,1380,97.5846962543528,39.6482742155472,"2018-07-23",2.41530374564715,"35",3
"454",454,14.5,1380,86.6925502396733,42.6344532881224,"2018-07-24",13.3074497603267,"40",3
"455",455,18.5,1380,98.7549526756922,38.5224494767684,"2018-07-25",1.24504732430781,"35",3
"456",456,19.5,1380,92.8893153057818,41.0366968222176,"2018-07-26",7.11068469421818,"40",3
"457",457,23,1380,84.0151820543264,43.0157212445919,"2018-07-27",15.9848179456736,"40",3
"458",458,20,1380,99.626724790158,35.0445731759815,"2018-07-28",0.373275209841992,"35",3
"459",459,20.5,1380,90.6040583602918,41.5054863167974,"2018-07-29",9.39594163970824,"40",3
"460",460,20.5,1380,84.6073199338381,43.05636878569,"2018-07-30",15.3926800661619,"40",3
"461",461,20,1380,87.5322334041297,42.0034500312083,"2018-07-31",12.4677665958703,"40",3
"462",462,19.5,1380,83.4669381610265,43.0290377002933,"2018-08-01",16.5330618389735,"40",3
"463",463,20,1380,91.913285623128,41.0573454236743,"2018-08-02",8.08671437687195,"40",3
"464",464,19.5,1380,92.5150856201684,40.9943227410389,"2018-08-03",7.48491437983158,"40",3
"465",465,20.5,1380,94.3916069295346,40.6066682231339,"2018-08-04",5.6083930704654,"40",3
"466",466,19,1380,82.7088387262675,42.7830067181954,"2018-08-05",17.2911612737325,"40",3
"467",467,19.5,1380,97.9842171719266,39.191678858767,"2018-08-06",2.01578282807337,"35",3
"468",468,21.5,1380,97.5719466639962,38.2007896643985,"2018-08-07",2.42805333600376,"35",3
"469",469,22,1380,99.0992893650106,37.2075892090816,"2018-08-08",0.900710634989366,"35",3
"470",470,18,1380,98.5364119403196,38.1794297726638,"2018-08-12",1.46358805968036,"35",3
"471",471,17,1380,99.7008633775348,34.5304573010472,"2018-08-15",0.29913662246517,"non-extreme",3
"472",472,18,1380,99.5725661335125,35.5007817366752,"2018-08-16",0.42743386648749,"35",3
"473",473,16.5,1380,99.2775274735445,36.62653993297,"2018-08-19",0.722472526455491,"35",3
"474",474,16.5,1380,99.4748652061318,36.0133441279545,"2018-08-20",0.525134793868162,"35",3
"475",475,17,1380,99.652806334987,35.5014021972222,"2018-08-21",0.347193665012995,"35",3
"476",476,17,1380,98.2175194853566,38.3875890734261,"2018-08-22",1.78248051464342,"35",3
"477",477,16,1380,91.6351074175124,41.6587462777815,"2018-08-23",8.36489258248756,"40",3
"478",478,19,1380,97.6741940486265,39.7390251466096,"2018-08-24",2.32580595137348,"35",3
"479",479,18,1380,99.6377692950921,35.9996338697195,"2018-08-27",0.362230704907915,"35",3
"480",480,23.5,1380,96.7903696404809,40.0342032765944,"2018-08-28",3.2096303595191,"40",3
"481",481,17.5,1380,98.0105372919484,39.2971013994694,"2018-08-29",1.98946270805165,"35",3
"482",482,19,1380,99.8946008785675,33.6124781365918,"2018-08-30",0.105399121432541,"non-extreme",3
"483",483,12.5,1380,99.2656685281663,36.7046034903087,"2019-06-01",0.734331471833713,"35",3
"484",484,13,1380,99.0526759217057,37.0056682380406,"2019-06-02",0.947324078294301,"35",3
"485",485,12.5,1380,99.7240740992366,35.0365411120152,"2019-06-03",0.275925900763411,"35",3
"486",486,12,1380,99.0260228779291,37.2988162955544,"2019-06-04",0.973977122070863,"35",3
"487",487,12.5,1380,99.4687638299481,36.4114085039765,"2019-06-05",0.531236170051884,"35",3
"488",488,10.5,1380,99.7147686231608,35.223294599216,"2019-06-06",0.285231376839235,"35",3
"489",489,11,1380,99.1292375383163,38.050616435038,"2019-06-08",0.870762461683711,"35",3
"490",490,14,1380,99.9377939880338,32.5010658693648,"2019-06-16",0.0622060119661683,"non-extreme",3
"491",491,13.5,1380,98.6738249243592,37.5258237380614,"2019-06-17",1.32617507564083,"35",3
"492",492,15,1380,98.9412567998675,38.0006563094551,"2019-06-18",1.05874320013251,"35",3
"493",493,14.5,1380,97.8983322444447,38.6394971412629,"2019-06-19",2.10166775555528,"35",3
"494",494,15,1380,98.4916992969356,37.8846359568534,"2019-06-20",1.50830070306442,"35",3
"495",495,17,1380,89.4976787171324,41.4752503109702,"2019-06-23",10.5023212828676,"40",3
"496",496,14.5,1380,93.8999410698048,40.5142622184252,"2019-06-24",6.10005893019522,"40",3
"497",497,16,1380,97.3845623165132,38.5650820882865,"2019-06-25",2.61543768348677,"35",3
"498",498,41.6548809411511,706,0.203486151490849,44.0000718030009,"2019-06-26",99.7965138485092,"40",3
"499",499,45.6741850624385,615,0.565822337984004,46.2253738108389,"2019-06-27",99.434177662016,"40",3
"500",500,46.356689537205,586,5.7510129839515,49.0419335760038,"2019-06-28",94.2489870160485,"40",3
"501",501,46.0642522851446,575,0.803700481694143,48.5082221902178,"2019-06-29",99.1962995183059,"40",3
"502",502,44.9658566750495,638,1.12476323930425,45.1138143344491,"2019-06-30",98.8752367606958,"40",3
"503",503,19,1380,85.7756082610647,41.5414743905204,"2019-07-01",14.2243917389353,"40",3
"504",504,43.7773135106127,684,0.164262802641498,44.5048657681808,"2019-07-02",99.8357371973585,"40",3
"505",505,15,1380,87.3376282780596,42.0677928973406,"2019-07-03",12.6623717219404,"40",3
"506",506,19,1380,90.9765953996067,41.4831790676995,"2019-07-04",9.02340460039335,"40",3
"507",507,18.5,1380,61.281073440257,43.5003840528838,"2019-07-05",38.718926559743,"40",3
"508",508,19.5,1380,80.7929549271596,43.0526551292775,"2019-07-06",19.2070450728404,"40",3
"509",509,21,1380,96.1708513267203,39.6009090164807,"2019-07-07",3.82914867327968,"35",3
"510",510,16.5,1380,99.5801250058085,36.4215133077744,"2019-07-08",0.419874994191503,"35",3
"511",511,17.5,1380,88.863292880553,41.2375218975951,"2019-07-10",11.136707119447,"40",3
"512",512,19,1380,14.8268147941228,43.6342117973359,"2019-07-11",85.1731852058772,"40",3
"513",513,44.4155786938283,639,1.74751976473389,44.5767886728542,"2019-07-12",98.2524802352661,"40",3
"514",514,20,1380,84.5831188725322,42.5670898096346,"2019-07-13",15.4168811274678,"40",3
"515",515,16.5,1380,41.8989702370731,43.2511671254357,"2019-07-15",58.1010297629269,"40",3
"516",516,17.5,1380,64.3673152686926,42.6696006096712,"2019-07-16",35.6326847313074,"40",3
"517",517,19.5,1380,86.2645180336669,41.9279776528818,"2019-07-18",13.7354819663331,"40",3
"518",518,19.5,1380,90.3333067937386,42.4162974277007,"2019-07-20",9.66669320626144,"40",3
"519",519,19.5,1380,40.0699733485438,43.2639611655867,"2019-07-21",59.9300266514562,"40",3
"520",520,44.900361861702,626,1.12611564692647,44.907006434161,"2019-07-22",98.8738843530735,"40",3
"521",521,44.4298956336051,624,0.365760517415178,44.6817994706131,"2019-07-23",99.6342394825848,"40",3
"522",522,44.1134409880949,647,0.430076281123746,44.1137831829546,"2019-07-24",99.5699237188763,"40",3
"523",523,45.7406657566694,594,3.28995586791926,46.6884855310993,"2019-07-25",96.7100441320807,"40",3
"524",524,43.0754815552859,655,0.591154215732112,43.3610052569273,"2019-07-26",99.4088457842679,"40",3
"525",525,19,1380,97.7736456256804,38.1324645237864,"2019-07-29",2.22635437431958,"35",3
"526",526,19,1380,99.6641133538162,35.0015119609162,"2019-07-30",0.335886646183781,"35",3
"527",527,17,1380,99.509309872935,35.5153025786492,"2019-07-31",0.490690127065022,"35",3
"528",528,17.5,1380,97.7623213720538,37.9512090825703,"2019-08-02",2.23767862794618,"35",3
"529",529,18.5,1380,97.2330129301357,38.0759689749713,"2019-08-03",2.7669870698643,"35",3
"530",530,18.5,1380,86.999068955892,42.0851644375587,"2019-08-04",13.000931044108,"40",3
"531",531,18.5,1380,94.6390756214717,39.4076682869212,"2019-08-05",5.36092437852832,"35",3
"532",532,21.5,1380,89.6915908924911,40.5002367707626,"2019-08-06",10.3084091075089,"40",3
"533",533,20.5,1380,98.6182389171484,37.5072984855563,"2019-08-08",1.38176108285155,"35",3
"534",534,41.0456798119338,658,0.113170708339033,43.6389335308506,"2019-08-09",99.886829291661,"40",3
"535",535,19,1380,99.0802874142041,36.9148063208072,"2019-08-10",0.919712585795935,"35",3
"536",536,19,1380,93.8978848722487,39.8488732009362,"2019-08-11",6.1021151277513,"35",3
"537",537,15,1380,99.9963114599479,25.5169532640409,"2019-08-12",0.00368854005209585,"non-extreme",3
"538",538,16,1380,98.9945113255123,37.7305993668283,"2019-08-14",1.00548867448769,"35",3
"539",539,19,1380,94.3892430751268,40.0033698440356,"2019-08-15",5.61075692487321,"40",3
"540",540,18.5,1380,97.8561146762861,38.9643314656798,"2019-08-16",2.1438853237139,"35",3
"541",541,20,1380,80.8453626858334,42.494892936095,"2019-08-17",19.1546373141666,"40",3
"542",542,40.5937469674213,719,0.0897610934280241,44.0027867424514,"2019-08-18",99.910238906572,"40",3
"543",543,19,1380,99.9117239609162,33.1701852766491,"2019-08-19",0.0882760390837944,"non-extreme",3
"544",544,16.5,1380,96.4891670824353,39.5073415924314,"2019-08-21",3.51083291756468,"35",3
"545",545,48.2902640429841,525,20.6499364198075,54.0232771744931,"2019-08-22",79.3500635801925,"40",3
"546",546,47.5691621120303,523,0.928971702555888,54.1401640269613,"2019-08-23",99.0710282974441,"40",3
"547",547,47.7817293714783,516,13.3830601097601,53.4822865764245,"2019-08-24",86.6169398902399,"40",3
"548",548,48.1834896016553,501,14.3884457804412,54.9562971452067,"2019-08-25",85.6115542195588,"40",3
"549",549,48.149364366822,503,27.5200807583142,54.6956645009628,"2019-08-26",72.4799192416858,"40",3
"550",550,47.528720140652,525,14.3363167634469,50.5029957716932,"2019-08-28",85.6636832365531,"40",3
"551",551,47.9901785733244,509,24.8518216883879,53.976112384036,"2019-08-29",75.1481783116121,"40",3
"552",552,48.3102661062693,508,5.23915514818672,53.6422708797098,"2019-08-30",94.7608448518133,"40",3
"553",553,47.9575621882,521,4.47265699993609,52.0793616871885,"2019-08-31",95.5273430000639,"40",3
"554",554,12.5,1380,99.9998483275502,21.8287276759811,"2014-06-02",0.000151672449845819,"non-extreme",2
"555",555,14.5,1380,99.7973438201148,35.5181961459219,"2014-06-10",0.20265617988521,"35",2
"556",556,13.5,1380,99.9999134597932,18.5602356000688,"2014-06-18",8.65402068228605e-05,"non-extreme",2
"557",557,15,1380,99.9990439959313,25.1191674091857,"2014-06-19",0.00095600406869778,"non-extreme",2
"558",558,16,1380,99.9850785031733,29.6918580089278,"2014-06-20",0.0149214968266591,"non-extreme",2
"559",559,14.5,1380,99.99980369177,19.5125137199973,"2014-06-25",0.000196308230044906,"non-extreme",2
"560",560,13,1380,99.9998040254036,21.0007445094453,"2014-06-26",0.000195974596380211,"non-extreme",2
"561",561,12.5,1380,99.9988495488006,25.6289611631401,"2014-06-29",0.0011504511994076,"non-extreme",2
"562",562,11.5,1380,99.9999310313633,17.5,"2014-07-07",6.89686367252307e-05,"non-extreme",2
"563",563,16,1380,99.9991666564825,22.5967301063881,"2014-07-21",0.000833343517470553,"non-extreme",2
"564",564,18,1380,99.9980003973444,25.0425593922402,"2014-07-26",0.00199960265561572,"non-extreme",2
"565",565,19,1380,99.9956818100538,26.5029920356313,"2014-07-27",0.00431818994621835,"non-extreme",2
"566",566,14.5,1380,99.9996310730838,20.5008881676671,"2014-08-02",0.000368926916152645,"non-extreme",2
"567",567,17,1380,99.9982325527313,24.5854551858009,"2014-08-12",0.00176744726867639,"non-extreme",2
"568",568,14.5,1380,99.99954983202,20.521600307427,"2014-08-13",0.000450167980005745,"non-extreme",2
"569",569,16,1380,99.9997180708846,20.6132249694396,"2014-08-20",0.000281929115359958,"non-extreme",2
"570",570,18,1380,99.9990001442245,22.7295913408725,"2014-08-29",0.000999855775546621,"non-extreme",2
"571",571,13.5,1380,99.9988529338772,23.9998946619804,"2015-06-04",0.00114706612278326,"non-extreme",2
"572",572,15.5,1380,99.9996662471456,23.0053829566079,"2015-06-08",0.000333752854430713,"non-extreme",2
"573",573,15,1380,99.9995051170381,22.020444540965,"2015-06-18",0.000494882961888266,"non-extreme",2
"574",574,15,1380,99.9991247648955,23.0190320968619,"2015-06-20",0.000875235104487615,"non-extreme",2
"575",575,14.5,1380,99.9996112877262,21.7830902859371,"2015-06-23",0.00038871227383197,"non-extreme",2
"576",576,18.5,1380,99.9952752443234,26.0000529661721,"2015-06-28",0.00472475567663366,"non-extreme",2
"577",577,20,1380,99.9940605176055,26.0833396338876,"2015-07-13",0.00593948239446718,"non-extreme",2
"578",578,18.5,1380,99.9967881624174,26.0087562340038,"2015-07-22",0.00321183758258314,"non-extreme",2
"579",579,19.5,1380,99.9980674726484,23.5314145807599,"2015-07-23",0.00193252735161309,"non-extreme",2
"580",580,18,1380,99.9989583616196,23.5072536459541,"2015-07-27",0.00104163838042837,"non-extreme",2
"581",581,17.5,1380,99.9987273124383,23.5427833352206,"2015-08-21",0.00127268756172327,"non-extreme",2
"582",582,14.5,1380,99.9988668888666,24.5220422006764,"2015-08-24",0.00113311113338455,"non-extreme",2
"583",583,16,1380,99.9987613729323,24.0142290765732,"2015-08-25",0.00123862706769273,"non-extreme",2
"584",584,18.5,1380,99.9962486370037,26.54011970862,"2015-08-26",0.00375136299625467,"non-extreme",2
"585",585,12.5,1380,99.9999635030898,16.5028013096296,"2016-06-02",3.64969101838142e-05,"non-extreme",2
"586",586,14.5,1380,99.9997927727501,19.5202453917074,"2016-06-10",0.000207227249859443,"non-extreme",2
"587",587,16.5,1380,99.9988203170045,23.500045380901,"2016-06-24",0.00117968299545623,"non-extreme",2
"588",588,15,1380,99.9991307839413,22.5377742695881,"2016-06-25",0.000869216058703159,"non-extreme",2
"589",589,16.5,1380,99.9997088408865,20.5051816425384,"2016-06-26",0.00029115911351596,"non-extreme",2
"590",590,18,1380,99.9991569342409,22.0892576420081,"2016-07-02",0.000843065759099204,"non-extreme",2
"591",591,12.5,1380,99.9999257631863,17.5070890780702,"2016-07-14",7.42368137025551e-05,"non-extreme",2
"592",592,17.5,1380,99.9985340035995,23.1302849038412,"2016-07-25",0.00146599640045508,"non-extreme",2
"593",593,18,1380,99.9977199807567,24.6100421474196,"2016-07-26",0.00228001924332943,"non-extreme",2
"594",594,20,1380,99.991511409853,27.1034016302809,"2016-07-30",0.00848859014699599,"non-extreme",2
"595",595,14.5,1380,99.999750533891,20.0815099856403,"2016-08-10",0.000249466108954266,"non-extreme",2
"596",596,15.5,1380,99.9965870223393,26.0038631478076,"2016-08-16",0.00341297766067328,"non-extreme",2
"597",597,17.5,1380,99.9994009206179,21.1093004514383,"2016-08-20",0.000599079382070045,"non-extreme",2
"598",598,15.5,1380,99.9969645973904,25.5926509650666,"2016-08-24",0.00303540260955515,"non-extreme",2
"599",599,17.5,1380,99.9995451880287,21.0284525565381,"2016-08-30",0.000454811971337676,"non-extreme",2
"600",600,45.5163631339349,876,0.678729840868409,45.6316370832826,"2017-06-10",99.3212701591316,"40",2
"601",601,46.8914778578522,853,6.16637756186753,47.4887360380466,"2017-06-11",93.8336224381325,"40",2
"602",602,47.4606826737804,843,12.7254287305112,50.9915537411049,"2017-06-12",87.2745712694888,"40",2
"603",603,47.4818145814439,843,12.6057941749129,51.6431611786353,"2017-06-13",87.3942058250871,"40",2
"604",604,47.879686326226,832,4.03984103827151,52.212882539941,"2017-06-14",95.9601589617285,"40",2
"605",605,45.4424627534572,856,1.42169804155723,45.670564229069,"2017-06-15",98.5783019584428,"40",2
"606",606,21,1380,99.6217726489014,36.2866158682889,"2017-06-16",0.378227351098587,"35",2
"607",607,46.9918216693855,884,3.55690963498745,47.3448991095207,"2017-06-17",96.4430903650126,"40",2
"608",608,45.3530345232285,902,1.17980416523674,45.7779750241957,"2017-06-18",98.8201958347633,"40",2
"609",609,24,1380,90.3945449941021,42.7340240145326,"2017-06-19",9.60545500589791,"40",2
"610",610,21,1380,82.4632960184462,43.8419215043703,"2017-06-20",17.5367039815538,"40",2
"611",611,22.5,1380,3.4433915054831,45.1713785826683,"2017-06-23",96.5566084945169,"40",2
"612",612,46.6107631713086,893,4.28198538300095,46.6386539584951,"2017-06-24",95.7180146169991,"40",2
"613",613,21.5,1380,99.9675006042759,31.0325058949058,"2017-06-25",0.0324993957240594,"non-extreme",2
"614",614,20,1380,99.6468221816124,36.4994797258283,"2017-06-26",0.353177818387636,"35",2
"615",615,17.5,1380,98.4643433977647,39.6372989031034,"2017-07-03",1.53565660223533,"35",2
"616",616,18,1380,95.4995535314738,41.6247722973941,"2017-07-04",4.50044646852621,"40",2
"617",617,19,1380,96.4674254360329,41.0841045581728,"2017-07-05",3.53257456396712,"40",2
"618",618,20.5,1380,96.0341566287453,40.8475308594282,"2017-07-06",3.96584337125466,"40",2
"619",619,20,1380,93.9873240807191,41.6539357411292,"2017-07-07",6.01267591928087,"40",2
"620",620,20.5,1380,99.747902340556,34.7050794778175,"2017-07-11",0.252097659444019,"non-extreme",2
"621",621,22,1380,99.9538777742752,31.2728419015707,"2017-07-13",0.0461222257247726,"non-extreme",2
"622",622,21,1380,99.6531468722634,35.6666736607197,"2017-07-17",0.34685312773658,"35",2
"623",623,23,1380,99.2035964567125,36.6226246143238,"2017-07-18",0.796403543287482,"35",2
"624",624,19,1380,99.9064237375235,32.6166497238868,"2017-07-20",0.0935762624765459,"non-extreme",2
"625",625,21.5,1380,99.7313039818269,35.1044756575211,"2017-07-29",0.268696018173145,"35",2
"626",626,21.5,1380,99.6151699687947,35.6594257587424,"2017-08-03",0.384830031205311,"35",2
"627",627,22,1380,98.7397486241323,37.6819637762186,"2017-08-04",1.26025137586772,"35",2
"628",628,22.5,1380,99.5185963969941,35.531325869036,"2017-08-05",0.481403603005944,"35",2
"629",629,14.5,1380,99.999692576706,21.647653735612,"2017-08-09",0.000307423293989473,"non-extreme",2
"630",630,16,1380,99.9993874342853,22.5841413305612,"2017-08-11",0.000612565714703805,"non-extreme",2
"631",631,20.5,1380,98.6025265847215,38.624974455186,"2017-08-18",1.3974734152785,"35",2
"632",632,20.5,1380,99.3387291817263,36.8314481501113,"2017-08-22",0.661270818273664,"35",2
"633",633,20,1380,99.6770437758565,36.001400062461,"2017-08-23",0.322956224143525,"35",2
"634",634,20.5,1380,98.6687756717205,38.1393067241604,"2017-08-24",1.33122432827952,"35",2
"635",635,20,1380,99.3262750507855,35.7776235220858,"2017-08-25",0.673724949214531,"35",2
"636",636,21,1380,99.6306668540895,35.3805189685852,"2017-08-26",0.369333145910474,"35",2
"637",637,22,1380,99.0577198475426,36.8599842682025,"2017-08-28",0.942280152457357,"35",2
